{"cameraMode":{"drawMode":0,"name":"Shaded","section":"Shading Mode"},"sceneLighting":false,"audioPlay":false,"sceneViewState":{"showFog":true,"showMaterialUpdate":true,"showSkybox":false,"showFlares":true,"showImageEffects":true,"showParticleSystems":true},"in2DMode":false,"pivot":{"x":-5.872767448425293,"y":1.7200000286102296,"z":1.4856234788894654},"rotation":{"x":0.19489119946956635,"y":0.08051244914531708,"z":-0.01632566563785076,"w":0.9775358438491821},"size":2.7668020725250246,"orthographic":false}