{"cameraMode":{"drawMode":0,"name":"Shaded","section":"Shading Mode"},"sceneLighting":false,"audioPlay":false,"sceneViewState":{"showFog":true,"showMaterialUpdate":true,"showSkybox":false,"showFlares":true,"showImageEffects":true,"showParticleSystems":true},"in2DMode":false,"pivot":{"x":-4.279224395751953,"y":1.2374167442321778,"z":2.5399646759033205},"rotation":{"x":-0.06512060016393662,"y":0.931644856929779,"z":-0.2091246098279953,"w":-0.29006144404411318},"size":0.502043604850769,"orthographic":false}